Sum of Time Saved per patient,Column Labels,,,,,
Row Labels,10,20,30,40,(blank),Grand Total
30,7.65,27.975,37.26666667,58.41875,,131.3104167
60,2.5,9.1125,11.69166667,21.975,,45.27916667
90,2.775,6.175,11.04166667,21.35,,41.34166667
120,2.45,7.8875,11.00833333,17.975,,39.32083333
150,2.05,6.275,9.833333333,20.3125,,38.47083333
180,2.225,7.4875,10.325,16.3375,,36.375
210,2.1,7.5625,13.15,20.39375,,43.20625
(blank),,,,,,
Grand Total,21.75,72.475,104.3166667,176.7625,,375.3041667
